PSVC_Bundle__c,sds_PSVC_Bundle__c,dev,full,"SELECT Id ,OwnerId ,IsDeleted ,Name ,CurrencyIsoCode ,CreatedDate ,CreatedById ,LastModifiedDate ,LastModifiedById ,SystemModstamp ,LastViewedDate ,LastReferencedDate ,PSVC_Available_Units__c ,PSVC_Bundle_Configuration__c ,PSVC_Bundle_Expiration_Date__c ,PSVC_Pet__c ,PSVC_Primary_Service__c ,PSVC_Product__c ,PSVC_Purchased_Units__c ,PSVC_Redeemed_Units__c ,PSVC_Reserved_Units__c ,PSVC_isExpired__c ,PSVC_Bundle_Display_Name__c ,PSVC_Order__c ,PSVC_PrimaryServiceOriginalUnitPrice__c ,PSVC_Purchased_Date__c ,PSVC_Refunded_Date__c ,PSVC_Status__c ,PSVC_Savings_Amount__c ,PSVC_Savings_Percentage__c ,PSVC_Expired_Units__c ,PSVC_Refunded_Units__c ,PSVC_Base_Unit_Expiration__c ,PSVC_RefundedBy__c ,PSVC_Free_Unit_Expiration__c 
 FROM PSVC_Bundle__c Where CreatedDate  >= YESTERDAY OR LastModifiedDate  >= YESTERDAY",None,"[('Id', 'StringType'), ('OwnerId', 'StringType'), ('IsDeleted', 'DoubleType'), ('Name', 'StringType'), ('CurrencyIsoCode', 'StringType'), ('CreatedDate', 'TimestampType'), ('CreatedById', 'StringType'), ('LastModifiedDate', 'TimestampType'), ('LastModifiedById', 'StringType'), ('SystemModstamp', 'TimestampType'), ('LastViewedDate', 'TimestampType'), ('LastReferencedDate', 'TimestampType'), ('PSVC_Available_Units__c', 'DoubleType'), ('PSVC_Bundle_Configuration__c', 'StringType'), ('PSVC_Bundle_Expiration_Date__c', 'TimestampType'), ('PSVC_Pet__c', 'StringType'), ('PSVC_Primary_Service__c', 'StringType'), ('PSVC_Product__c', 'StringType'), ('PSVC_Purchased_Units__c', 'DoubleType'), ('PSVC_Redeemed_Units__c', 'DoubleType'), ('PSVC_Reserved_Units__c', 'DoubleType'), ('PSVC_isExpired__c', 'DoubleType'), ('PSVC_Bundle_Display_Name__c', 'StringType'), ('PSVC_Order__c', 'StringType'), ('PSVC_PrimaryServiceOriginalUnitPrice__c', 'DoubleType'), ('PSVC_Purchased_Date__c', 'TimestampType'), ('PSVC_Base_Unit_Expiration__c', 'TimestampType'), ('PSVC_Status__c', 'StringType'), ('PSVC_Savings_Amount__c', 'DoubleType'), ('PSVC_Savings_Percentage__c', 'ShortType'), ('PSVC_Expired_Units__c', 'DoubleType'), ('PSVC_Refunded_Units__c', 'DoubleType'), ('PSVC_RefundedBy__c', 'StringType'), ('PSVC_Refunded_Date__c', 'TimestampType'), ('PSVC_Free_Unit_Expiration__c', 'TimestampType')]"
PSVC_Redemption__c,sds_PSVC_Redemption__c,dev,full,"SELECT Id ,OwnerId ,IsDeleted ,Name ,CurrencyIsoCode ,CreatedDate ,CreatedById ,LastModifiedDate ,LastModifiedById ,SystemModstamp ,PSVC_Bundle__c ,PSVC_Expired_Date__c ,PSVC_Redeemed_Date__c ,PSVC_Status__c ,PSVC_Store__c ,PSVC_Work_Order__c ,PSVC_Order_Number__c ,PSVC_Work_Order_Number__c ,PSVC_Unit_Type__c 
 FROM PSVC_Redemption__c Where CreatedDate  >= YESTERDAY OR LastModifiedDate  >= YESTERDAY",None,"[('Id', 'StringType'), ('OwnerId', 'StringType'), ('IsDeleted', 'DoubleType'), ('Name', 'StringType'), ('CurrencyIsoCode', 'StringType'), ('CreatedDate', 'TimestampType'), ('CreatedById', 'StringType'), ('LastModifiedDate', 'TimestampType'), ('LastModifiedById', 'StringType'), ('SystemModstamp', 'TimestampType'), ('PSVC_Bundle__c', 'StringType'), ('PSVC_Expired_Date__c', 'TimestampType'), ('PSVC_Redeemed_Date__c', 'TimestampType'), ('PSVC_Status__c', 'StringType'), ('PSVC_Store__c', 'StringType'), ('PSVC_Work_Order__c', 'StringType'), ('PSVC_Order_Number__c', 'StringType'), ('PSVC_Work_Order_Number__c', 'StringType'), ('PSVC_Unit_Type__c', 'StringType')]"
PSVC_Product_Bundle_Configuration__c,sds_PSVC_Product_Bundle_Configuration__c,dev,full,"SELECT Id ,OwnerId ,IsDeleted ,Name ,CurrencyIsoCode ,CreatedDate ,CreatedById ,LastModifiedDate ,LastModifiedById ,SystemModstamp ,LastViewedDate ,LastReferencedDate ,PSVC_Bundle_Configuration__c ,PSVC_Product__c 
 FROM PSVC_Product_Bundle_Configuration__c Where CreatedDate  >= YESTERDAY OR LastModifiedDate  >= YESTERDAY",None,"[('Id', 'StringType'), ('OwnerId', 'StringType'), ('IsDeleted', 'DoubleType'), ('Name', 'StringType'), ('CurrencyIsoCode', 'StringType'), ('CreatedDate', 'TimestampType'), ('CreatedById', 'StringType'), ('LastModifiedDate', 'TimestampType'), ('LastModifiedById', 'StringType'), ('SystemModstamp', 'TimestampType'), ('LastViewedDate', 'TimestampType'), ('LastReferencedDate', 'TimestampType'), ('PSVC_Bundle_Configuration__c', 'StringType'), ('PSVC_Product__c', 'StringType')]"
RecordType,sds_RecordType,dev,full,"SELECT Id ,Name ,DeveloperName ,NamespacePrefix ,Description ,BusinessProcessId ,SobjectType ,IsActive ,CreatedById ,CreatedDate ,LastModifiedById ,LastModifiedDate ,SystemModstamp 
 FROM RecordType Where CreatedDate  >= YESTERDAY OR LastModifiedDate  >= YESTERDAY",None,"[('Id', 'StringType'), ('Name', 'StringType'), ('DeveloperName', 'StringType'), ('NamespacePrefix', 'StringType'), ('Description', 'StringType'), ('BusinessProcessId', 'StringType'), ('SobjectType', 'StringType'), ('IsActive', 'DoubleType'), ('CreatedById', 'StringType'), ('CreatedDate', 'TimestampType'), ('LastModifiedById', 'StringType'), ('LastModifiedDate', 'TimestampType'), ('SystemModstamp', 'TimestampType')]"
PSVC_Service_Contract__c,sds_PSVC_Service_Contract__c,dev,full,"SELECT Id ,OwnerId ,IsDeleted ,Name ,CurrencyIsoCode ,CreatedDate ,CreatedById ,LastModifiedDate ,LastModifiedById ,SystemModstamp ,LastActivityDate ,LastViewedDate ,LastReferencedDate ,PSVC_Agreed_To_By__c ,PSVC_Work_Order__c ,PSVC_Agreement_Time__c 
 FROM PSVC_Service_Contract__c Where CreatedDate  >= YESTERDAY OR LastModifiedDate  >= YESTERDAY",None,"[('Id', 'StringType'), ('OwnerId', 'StringType'), ('IsDeleted', 'DoubleType'), ('Name', 'StringType'), ('CurrencyIsoCode', 'StringType'), ('CreatedDate', 'TimestampType'), ('CreatedById', 'StringType'), ('LastModifiedDate', 'TimestampType'), ('LastModifiedById', 'StringType'), ('SystemModstamp', 'TimestampType'), ('LastActivityDate', 'TimestampType'), ('LastViewedDate', 'TimestampType'), ('LastReferencedDate', 'TimestampType'), ('PSVC_Agreed_To_By__c', 'StringType'), ('PSVC_Work_Order__c', 'StringType'), ('PSVC_Agreement_Time__c', 'TimestampType')]"
PSVC_Service_Contract_Component__c,sds_PSVC_Service_Contract_Component__c,dev,full,"SELECT Id ,OwnerId ,IsDeleted ,Name ,CurrencyIsoCode ,CreatedDate ,CreatedById ,LastModifiedDate ,LastModifiedById ,SystemModstamp ,LastActivityDate ,PSVC_Answer__c ,PSVC_Service_Contract__c ,PSVC_Service_Text__c 
 FROM PSVC_Service_Contract_Component__c Where CreatedDate  >= YESTERDAY OR LastModifiedDate  >= YESTERDAY",None,"[('Id', 'StringType'), ('OwnerId', 'StringType'), ('IsDeleted', 'DoubleType'), ('Name', 'StringType'), ('CurrencyIsoCode', 'StringType'), ('CreatedDate', 'TimestampType'), ('CreatedById', 'StringType'), ('LastModifiedDate', 'TimestampType'), ('LastModifiedById', 'StringType'), ('SystemModstamp', 'TimestampType'), ('LastActivityDate', 'TimestampType'), ('PSVC_Answer__c', 'StringType'), ('PSVC_Service_Contract__c', 'StringType'), ('PSVC_Service_Text__c', 'StringType')]"
ServiceResource,sds_ServiceResource,dev,full,"SELECT Id ,OwnerId ,Name ,CurrencyIsoCode ,CreatedDate ,CreatedById ,LastModifiedDate ,LastModifiedById ,SystemModstamp ,LastViewedDate ,LastReferencedDate ,RelatedRecordId ,ResourceType ,Description ,IsActive ,IsCapacityBased ,IsOptimizationCapable ,LastKnownLatitude ,LastKnownLongitude ,LastKnownLocationDate ,LocationId ,ServiceCrewId ,FSL__Efficiency__c ,FSL__GanttLabel__c ,FSL__Online_Offset__c ,FSL__Picture_Link__c ,FSL__Priority__c ,FSL__Travel_Speed__c ,PSVC_Concurrency__c ,PSVC_Display_Name__c ,PSVC_Employee_Group_Name__c ,PSVC_Is_Master_Service_Resource__c ,PSVC_Max_Weight__c ,PSVC_Min_Weight__c ,PSVC_Related_Master_Service_Resource__c ,PSVC_Staff_First_Name__c ,PSVC_Staff_Last_Name__c ,PSVC_Block_1_Appointment_Capacity__c ,PSVC_Block_2_Appointment_Capacity__c ,PSVC_Display_Name_Formula__c ,PSVC_Max_Check_In_per_Hour__c ,PSVC_Service_Resource_Number__c ,PSVC_Master_Service_Resource_Number__c ,PSVC_Is_True__c ,PSVC_Employee_Group_Type__c ,PSVC_Default_Room_Type__c ,PSVC_Profile_Picture__c 
 FROM ServiceResource",None,"[('Id', 'StringType'), ('OwnerId', 'StringType'), ('Name', 'StringType'), ('CurrencyIsoCode', 'StringType'), ('CreatedDate', 'TimestampType'), ('CreatedById', 'StringType'), ('LastModifiedDate', 'TimestampType'), ('LastModifiedById', 'StringType'), ('SystemModstamp', 'TimestampType'), ('LastViewedDate', 'TimestampType'), ('LastReferencedDate', 'TimestampType'), ('RelatedRecordId', 'StringType'), ('ResourceType', 'StringType'), ('Description', 'StringType'), ('IsActive', 'DoubleType'), ('IsCapacityBased', 'DoubleType'), ('IsOptimizationCapable', 'DoubleType'), ('LastKnownLatitude', 'DoubleType'), ('LastKnownLongitude', 'DoubleType'), ('LastKnownLocationDate', 'TimestampType'), ('LocationId', 'StringType'), ('ServiceCrewId', 'StringType'), ('AccountId', 'StringType'), ('FSL__Efficiency__c', 'DoubleType'), ('FSL__GanttLabel__c', 'StringType'), ('FSL__Online_Offset__c', 'DoubleType'), ('FSL__Picture_Link__c', 'StringType'), ('FSL__Priority__c', 'DoubleType'), ('FSL__Travel_Speed__c', 'DoubleType'), ('PSVC_Concurrency__c', 'DoubleType'), ('PSVC_Display_Name__c', 'StringType'), ('PSVC_Employee_Group_Name__c', 'StringType'), ('PSVC_Is_Master_Service_Resource__c', 'DoubleType'), ('PSVC_Max_Weight__c', 'DoubleType'), ('PSVC_Min_Weight__c', 'DoubleType'), ('PSVC_Related_Master_Service_Resource__c', 'StringType'), ('PSVC_Staff_First_Name__c', 'StringType'), ('PSVC_Staff_Last_Name__c', 'StringType'), ('PSVC_Block_1_Appointment_Capacity__c', 'DoubleType'), ('PSVC_Block_2_Appointment_Capacity__c', 'DoubleType'), ('PSVC_Display_Name_Formula__c', 'StringType'), ('PSVC_Max_Check_In_per_Hour__c', 'DoubleType'), ('PSVC_Service_Resource_Number__c', 'StringType'), ('PSVC_Master_Service_Resource_Number__c', 'StringType'), ('PSVC_Is_True__c', 'DoubleType'), ('PSVC_Employee_Group_Type__c', 'StringType'), ('PSVC_Default_Room_Type__c', 'StringType'), ('PSVC_Profile_Picture__c', 'StringType')]"
PSVC_Special__c,sds_PSVC_Special__c,dev,full,"SELECT Id ,OwnerId ,IsDeleted ,Name ,CurrencyIsoCode ,RecordTypeId ,CreatedDate ,CreatedById ,LastModifiedDate ,LastModifiedById ,SystemModstamp ,LastViewedDate ,LastReferencedDate ,PSVC_Active__c ,PSVC_Adjustment_Amount__c ,PSVC_Adjustment_Percentage__c ,PSVC_Applicable_For_Rebook__c ,PSVC_Apply_To_All_Products__c ,PSVC_Apply_To_All_Service_Locations__c ,PSVC_Creation_Applicable_Date_Range_End__c ,PSVC_Creation_Applicable_Date_Range_Star__c ,PSVC_Creation_Applicable_Day_Of_Week__c ,PSVC_Creation_Applicable_Time_Of_Day_End__c ,PSVC_Creation_Applicable_Time_Of_Day_Sta__c ,PSVC_Description__c ,PSVC_Enable_Recurrence_Creation_Date_Ran__c ,PSVC_Enable_Recurrence_Planned_Date_Rang__c ,PSVC_Hide_From_Customer_Online_Invoice__c ,PSVC_Manual_Special_List_information__c ,PSVC_Manual__c ,PSVC_Max_Number_Of_Days_To_Rebook__c ,PSVC_Min_Number_Of_Days_To_Rebook__c ,PSVC_Planned_Applicable_Date_Range_End__c ,PSVC_Planned_Applicable_Date_Range_Start__c ,PSVC_Planned_Applicable_Day_Of_Week__c ,PSVC_Planned_Applicable_Time_Of_Day_End__c ,PSVC_Planned_Applicable_Time_of_day_Star__c ,PSVC_Premium_Discount__c ,PSVC_Special_Code__c ,PSVC_Special_Label__c ,PSVC_Affects_Groom_Pay__c 
 FROM PSVC_Special__c Where CreatedDate  >= YESTERDAY OR LastModifiedDate  >= YESTERDAY",None,"[('Id', 'StringType'), ('OwnerId', 'StringType'), ('IsDeleted', 'DoubleType'), ('Name', 'StringType'), ('CurrencyIsoCode', 'StringType'), ('RecordTypeId', 'StringType'), ('CreatedDate', 'TimestampType'), ('CreatedById', 'StringType'), ('LastModifiedDate', 'TimestampType'), ('LastModifiedById', 'StringType'), ('SystemModstamp', 'TimestampType'), ('LastViewedDate', 'TimestampType'), ('LastReferencedDate', 'TimestampType'), ('PSVC_Active__c', 'DoubleType'), ('PSVC_Adjustment_Amount__c', 'DoubleType'), ('PSVC_Adjustment_Percentage__c', 'ShortType'), ('PSVC_Applicable_For_Rebook__c', 'DoubleType'), ('PSVC_Apply_To_All_Products__c', 'DoubleType'), ('PSVC_Apply_To_All_Service_Locations__c', 'DoubleType'), ('PSVC_Creation_Applicable_Date_Range_End__c', 'TimestampType'), ('PSVC_Creation_Applicable_Date_Range_Star__c', 'TimestampType'), ('PSVC_Creation_Applicable_Day_Of_Week__c', 'StringType'), ('PSVC_Description__c', 'StringType'), ('PSVC_Enable_Recurrence_Creation_Date_Ran__c', 'DoubleType'), ('PSVC_Enable_Recurrence_Planned_Date_Rang__c', 'DoubleType'), ('PSVC_Hide_From_Customer_Online_Invoice__c', 'DoubleType'), ('PSVC_Manual_Special_List_information__c', 'StringType'), ('PSVC_Manual__c', 'DoubleType'), ('PSVC_Max_Number_Of_Days_To_Rebook__c', 'DoubleType'), ('PSVC_Min_Number_Of_Days_To_Rebook__c', 'DoubleType'), ('PSVC_Planned_Applicable_Date_Range_End__c', 'TimestampType'), ('PSVC_Planned_Applicable_Date_Range_Start__c', 'TimestampType'), ('PSVC_Planned_Applicable_Day_Of_Week__c', 'StringType'), ('PSVC_Premium_Discount__c', 'StringType'), ('PSVC_Special_Code__c', 'StringType'), ('PSVC_Special_Label__c', 'StringType'), ('PSVC_Affects_Groom_Pay__c', 'DoubleType')]"
PSVC_Class_Session__c,sds_PSVC_Class_Session__c,dev,full,"SELECT Id ,IsDeleted ,Name ,CurrencyIsoCode ,CreatedDate ,CreatedById ,LastModifiedDate ,LastModifiedById ,SystemModstamp ,LastViewedDate ,LastReferencedDate ,PSVC_Service_Resource__c ,PSVC_Service_Type__c ,PSVC_Class_End_Time__c ,PSVC_Class_Start_Time__c ,PSVC_Service_Location__c ,PSVC_Class_Status__c 
 FROM PSVC_Class_Session__c Where CreatedDate  >= YESTERDAY  OR LastModifiedDate  >= YESTERDAY",None,"[('Id', 'StringType'), ('IsDeleted', 'DoubleType'), ('Name', 'StringType'), ('CurrencyIsoCode', 'StringType'), ('CreatedDate', 'TimestampType'), ('CreatedById', 'StringType'), ('LastModifiedDate', 'TimestampType'), ('LastModifiedById', 'StringType'), ('SystemModstamp', 'TimestampType'), ('LastViewedDate', 'TimestampType'), ('LastReferencedDate', 'TimestampType'), ('PSVC_Service_Resource__c', 'StringType'), ('PSVC_Service_Type__c', 'StringType'), ('PSVC_Class_End_Time__c', 'TimestampType'), ('PSVC_Class_Start_Time__c', 'TimestampType'), ('PSVC_Service_Location__c', 'StringType'), ('PSVC_Class_Status__c', 'StringType'), ('PSVC_Meeting_ID__c', 'StringType'), ('PSVC_Meeting_Link__c', 'StringType')]"
PSVC_Order_Product_Special__c,sds_PSVC_Order_Product_Special__c,dev,full,"SELECT Id ,OwnerId ,IsDeleted ,Name ,CurrencyIsoCode ,CreatedDate ,CreatedById ,LastModifiedDate ,LastModifiedById ,SystemModstamp ,PSVC_Special__c ,PSVC_Adjustment_Amount__c ,PSVC_Adjustment_Percentage__c ,PSVC_Hide_From_Customer_Online_Invoice__c ,PSVC_Is_For_Quote__c ,PSVC_Manually_Entered_Code__c ,PSVC_Order_Product__c ,PSVC_Premium_Discount__c ,PSVC_Special_Code__c ,PSVC_Apply_to_All_Products__c ,PSVC_Duplication__c ,PSVC_Auto_Calculated_Price__c ,PSVC_Manual__c ,PSVC_Order_CreatedDate__c ,PSVC_Order_LastModifiedDate__c ,PSVC_WorkOrder_CreatedDate__c ,PSVC_WorkOrder_LastModifiedDate__c ,PSVC_Discount_Applied_for_Percentage_Cou__c ,PSVC_Evaluation_Order__c 
 FROM PSVC_Order_Product_Special__c Where ((PSVC_ORDER_LastModifiedDate__c  >= YESTERDAY)  OR (PSVC_ORDER_CreatedDate__c>=YESTERDAY) 
OR (PSVC_WORKORDER_LastModifiedDate__c  >=  YESTERDAY)  OR (PSVC_WORKORDER_CreatedDate__c>= YESTERDAY) 
OR (CreatedDate >= YESTERDAY) OR (LastModifiedDate >= YESTERDAY))",None,"[('Id', 'StringType'), ('OwnerId', 'StringType'), ('IsDeleted', 'DoubleType'), ('Name', 'StringType'), ('CurrencyIsoCode', 'StringType'), ('CreatedDate', 'TimestampType'), ('CreatedById', 'StringType'), ('LastModifiedDate', 'TimestampType'), ('LastModifiedById', 'StringType'), ('SystemModstamp', 'TimestampType'), ('PSVC_Special__c', 'StringType'), ('PSVC_Adjustment_Amount__c', 'DoubleType'), ('PSVC_Adjustment_Percentage__c', 'ShortType'), ('PSVC_Hide_From_Customer_Online_Invoice__c', 'DoubleType'), ('PSVC_Is_For_Quote__c', 'DoubleType'), ('PSVC_Manually_Entered_Code__c', 'StringType'), ('PSVC_Order_Product__c', 'StringType'), ('PSVC_Premium_Discount__c', 'StringType'), ('PSVC_Special_Code__c', 'StringType'), ('PSVC_Apply_to_All_Products__c', 'DoubleType'), ('PSVC_Duplication__c', 'StringType'), ('PSVC_Auto_Calculated_Price__c', 'DoubleType'), ('PSVC_Manual__c', 'DoubleType'), ('PSVC_Order_CreatedDate__c', 'TimestampType'), ('PSVC_Order_LastModifiedDate__c', 'TimestampType'), ('PSVC_WorkOrder_CreatedDate__c', 'TimestampType'), ('PSVC_WorkOrder_LastModifiedDate__c', 'TimestampType'), ('PSVC_Discount_Applied_for_Percentage_Cou__c', 'DoubleType'), ('PSVC_Evaluation_Order__c', 'DoubleType')]"
PSVC_Service_Text__c,sds_PSVC_Service_Text__c,dev,full,"SELECT Id ,OwnerId ,IsDeleted ,Name ,CurrencyIsoCode ,RecordTypeId ,CreatedDate ,CreatedById ,LastModifiedDate ,LastModifiedById ,SystemModstamp ,LastActivityDate ,LastViewedDate ,LastReferencedDate ,PSVC_IsActive__c ,PSVC_IsRead_Only__c ,PSVC_Order__c ,PSVC_Species__c ,PSVC_Text__c ,PSVC_Title__c 
 FROM PSVC_Service_Text__c Where CreatedDate  >= YESTERDAY OR LastModifiedDate  >= YESTERDAY",None,"[('Id', 'StringType'), ('OwnerId', 'StringType'), ('IsDeleted', 'DoubleType'), ('Name', 'StringType'), ('CurrencyIsoCode', 'StringType'), ('RecordTypeId', 'StringType'), ('CreatedDate', 'TimestampType'), ('CreatedById', 'StringType'), ('LastModifiedDate', 'TimestampType'), ('LastModifiedById', 'StringType'), ('SystemModstamp', 'TimestampType'), ('LastActivityDate', 'TimestampType'), ('LastViewedDate', 'TimestampType'), ('LastReferencedDate', 'TimestampType'), ('PSVC_IsActive__c', 'DoubleType'), ('PSVC_IsRead_Only__c', 'DoubleType'), ('PSVC_Order__c', 'DoubleType'), ('PSVC_Species__c', 'StringType'), ('PSVC_Text__c', 'StringType'), ('PSVC_Title__c', 'StringType')]"
TimeSlot,sds_TimeSlot,dev,full,"SELECT Id ,IsDeleted ,TimeSlotNumber ,CurrencyIsoCode ,CreatedDate ,CreatedById ,LastModifiedDate ,LastModifiedById ,SystemModstamp ,LastViewedDate ,LastReferencedDate ,OperatingHoursId ,StartTime ,EndTime ,DayOfWeek ,Type ,FSL__Designated_Work_Boolean_Fields__c ,FSL__Slot_Color__c 
 FROM TimeSlot Where CreatedDate  >= YESTERDAY OR LastModifiedDate  >= YESTERDAY",None,"[('Id', 'StringType'), ('IsDeleted', 'DoubleType'), ('TimeSlotNumber', 'StringType'), ('CurrencyIsoCode', 'StringType'), ('CreatedDate', 'TimestampType'), ('CreatedById', 'StringType'), ('LastModifiedDate', 'TimestampType'), ('LastModifiedById', 'StringType'), ('SystemModstamp', 'TimestampType'), ('LastViewedDate', 'TimestampType'), ('LastReferencedDate', 'TimestampType'), ('OperatingHoursId', 'StringType'), ('DayOfWeek', 'StringType'), ('Type', 'StringType'), ('FSL__Designated_Work_Boolean_Fields__c', 'StringType'), ('FSL__Slot_Color__c', 'StringType')]"
User,sds_User,dev,full,"SELECT Id ,Username ,LastName ,FirstName ,MiddleName ,Suffix ,Name ,CompanyName ,Division ,Department ,Title ,Street ,City ,State ,PostalCode ,Country ,Latitude ,Longitude ,GeocodeAccuracy ,Email ,EmailPreferencesAutoBcc ,EmailPreferencesAutoBccStayInTouch ,EmailPreferencesStayInTouchReminder ,SenderEmail ,SenderName ,Signature ,StayInTouchSubject ,StayInTouchSignature ,StayInTouchNote ,Phone ,Fax ,MobilePhone ,Alias ,CommunityNickname ,BadgeText ,IsActive ,TimeZoneSidKey ,LocaleSidKey ,ReceivesInfoEmails ,ReceivesAdminInfoEmails ,EmailEncodingKey ,DefaultCurrencyIsoCode ,CurrencyIsoCode ,UserType ,LanguageLocaleKey ,EmployeeNumber ,DelegatedApproverId ,ManagerId ,LastLoginDate ,CreatedDate ,CreatedById ,LastModifiedDate ,LastModifiedById ,SystemModstamp ,OfflineTrialExpirationDate ,OfflinePdaTrialExpirationDate ,UserPermissionsMarketingUser ,UserPermissionsOfflineUser ,UserPermissionsAvantgoUser ,UserPermissionsCallCenterAutoLogin ,UserPermissionsSFContentUser ,UserPermissionsKnowledgeUser ,UserPermissionsInteractionUser ,UserPermissionsSupportUser ,ForecastEnabled ,UserPreferencesActivityRemindersPopup ,UserPreferencesEventRemindersCheckboxDefault ,UserPreferencesTaskRemindersCheckboxDefault ,UserPreferencesReminderSoundOff ,UserPreferencesDisableAllFeedsEmail ,UserPreferencesDisableFollowersEmail ,UserPreferencesDisableProfilePostEmail ,UserPreferencesDisableChangeCommentEmail ,UserPreferencesDisableLaterCommentEmail ,UserPreferencesDisProfPostCommentEmail ,UserPreferencesHideCSNGetChatterMobileTask ,UserPreferencesDisableMentionsPostEmail ,UserPreferencesDisMentionsCommentEmail ,UserPreferencesHideCSNDesktopTask ,UserPreferencesHideChatterOnboardingSplash ,UserPreferencesHideSecondChatterOnboardingSplash ,UserPreferencesDisCommentAfterLikeEmail ,UserPreferencesDisableLikeEmail ,UserPreferencesSortFeedByComment ,UserPreferencesDisableMessageEmail ,UserPreferencesDisableBookmarkEmail ,UserPreferencesDisableSharePostEmail ,UserPreferencesEnableAutoSubForFeeds ,UserPreferencesDisableFileShareNotificationsForApi ,UserPreferencesShowTitleToExternalUsers ,UserPreferencesShowManagerToExternalUsers ,UserPreferencesShowEmailToExternalUsers ,UserPreferencesShowWorkPhoneToExternalUsers ,UserPreferencesShowMobilePhoneToExternalUsers ,UserPreferencesShowFaxToExternalUsers ,UserPreferencesShowStreetAddressToExternalUsers ,UserPreferencesShowCityToExternalUsers ,UserPreferencesShowStateToExternalUsers ,UserPreferencesShowPostalCodeToExternalUsers ,UserPreferencesShowCountryToExternalUsers ,UserPreferencesShowProfilePicToGuestUsers ,UserPreferencesShowTitleToGuestUsers ,UserPreferencesShowCityToGuestUsers ,UserPreferencesShowStateToGuestUsers ,UserPreferencesShowPostalCodeToGuestUsers ,UserPreferencesShowCountryToGuestUsers ,UserPreferencesHideS1BrowserUI ,UserPreferencesDisableEndorsementEmail ,UserPreferencesPathAssistantCollapsed ,UserPreferencesCacheDiagnostics ,UserPreferencesShowEmailToGuestUsers ,UserPreferencesShowManagerToGuestUsers ,UserPreferencesShowWorkPhoneToGuestUsers ,UserPreferencesShowMobilePhoneToGuestUsers ,UserPreferencesShowFaxToGuestUsers ,UserPreferencesShowStreetAddressToGuestUsers ,UserPreferencesLightningExperiencePreferred ,UserPreferencesHideEndUserOnboardingAssistantModal ,UserPreferencesHideLightningMigrationModal ,UserPreferencesHideSfxWelcomeMat ,UserPreferencesHideBiggerPhotoCallout ,UserPreferencesGlobalNavBarWTShown ,UserPreferencesGlobalNavGridMenuWTShown ,UserPreferencesCreateLEXAppsWTShown ,UserPreferencesFavoritesWTShown ,UserPreferencesRecordHomeSectionCollapseWTShown ,UserPreferencesRecordHomeReservedWTShown ,UserPreferencesFavoritesShowTopFavorites ,UserPreferencesExcludeMailAppAttachments ,ContactId ,AccountId ,CallCenterId ,Extension ,FederationIdentifier ,AboutMe ,FullPhotoUrl ,SmallPhotoUrl ,IsExtIndicatorVisible ,OutOfOfficeMessage ,MediumPhotoUrl ,DigestFrequency ,DefaultGroupNotificationFrequency ,LastViewedDate ,LastReferencedDate ,BannerPhotoUrl ,SmallBannerPhotoUrl ,MediumBannerPhotoUrl ,IsProfilePhotoActive ,PSVC_Home_Store__c ,PSVC_Job_Code__c ,PSVC_Channel__c ,PSVC_Associate_Email__c ,PSVC_Associate_Phone__c ,PSVC_Associate_Display_Name__c ,PSVC_Associate_ID__c ,PSVC_Employee_Group__c ,PSVC_Is_Online_Integration__c ,PSVC_Schedulable__c ,PSVC_Associate_Preferred_Name__c ,PSVC_Is_Virtual_Trainer__c ,UserPreferencesSuppressTaskSFXReminders ,UserPreferencesPreviewCustomTheme ,UserPreferencesHasCelebrationBadge ,UserPreferencesUserDebugModePref ,UserPreferencesSRHOverrideActivities ,UserPreferencesNewLightningReportRunPageEnabled ,UserPreferencesNativeEmailClient ,UserPreferencesPipelineViewHideHelpPopover 
 FROM User Where CreatedDate  >= YESTERDAY  OR LastModifiedDate  >= YESTERDAY",None,"[('Id', 'StringType'), ('ProviderUserId', 'StringType'), ('Username', 'StringType'), ('LastName', 'StringType'), ('FirstName', 'StringType'), ('MiddleName', 'StringType'), ('Suffix', 'StringType'), ('Name', 'StringType'), ('CompanyName', 'StringType'), ('Division', 'StringType'), ('Department', 'StringType'), ('Title', 'StringType'), ('Street', 'StringType'), ('City', 'StringType'), ('State', 'StringType'), ('PostalCode', 'StringType'), ('Country', 'StringType'), ('Latitude', 'DoubleType'), ('Longitude', 'DoubleType'), ('GeocodeAccuracy', 'StringType'), ('Email', 'StringType'), ('EmailPreferencesAutoBcc', 'DoubleType'), ('EmailPreferencesAutoBccStayInTouch', 'DoubleType'), ('EmailPreferencesStayInTouchReminder', 'DoubleType'), ('SenderEmail', 'StringType'), ('SenderName', 'StringType'), ('Signature', 'StringType'), ('StayInTouchSubject', 'StringType'), ('StayInTouchSignature', 'StringType'), ('StayInTouchNote', 'StringType'), ('Phone', 'StringType'), ('Fax', 'StringType'), ('MobilePhone', 'StringType'), ('Alias', 'StringType'), ('CommunityNickname', 'StringType'), ('BadgeText', 'StringType'), ('IsActive', 'DoubleType'), ('TimeZoneSidKey', 'StringType'), ('LocaleSidKey', 'StringType'), ('ReceivesInfoEmails', 'DoubleType'), ('ReceivesAdminInfoEmails', 'DoubleType'), ('EmailEncodingKey', 'StringType'), ('DefaultCurrencyIsoCode', 'StringType'), ('CurrencyIsoCode', 'StringType'), ('UserType', 'StringType'), ('LanguageLocaleKey', 'StringType'), ('EmployeeNumber', 'StringType'), ('DelegatedApproverId', 'StringType'), ('ManagerId', 'StringType'), ('LastLoginDate', 'TimestampType'), ('CreatedDate', 'TimestampType'), ('CreatedById', 'StringType'), ('LastModifiedDate', 'TimestampType'), ('LastModifiedById', 'StringType'), ('SystemModstamp', 'TimestampType'), ('OfflineTrialExpirationDate', 'TimestampType'), ('OfflinePdaTrialExpirationDate', 'TimestampType'), ('UserPermissionsMarketingUser', 'DoubleType'), ('UserPermissionsOfflineUser', 'DoubleType'), ('UserPermissionsAvantgoUser', 'DoubleType'), ('UserPermissionsCallCenterAutoLogin', 'DoubleType'), ('UserPermissionsSFContentUser', 'DoubleType'), ('UserPermissionsKnowledgeUser', 'DoubleType'), ('UserPermissionsInteractionUser', 'DoubleType'), ('UserPermissionsSupportUser', 'DoubleType'), ('ForecastEnabled', 'DoubleType'), ('UserPreferencesActivityRemindersPopup', 'DoubleType'), ('UserPreferencesEventRemindersCheckboxDefault', 'DoubleType'), ('UserPreferencesTaskRemindersCheckboxDefault', 'DoubleType'), ('UserPreferencesReminderSoundOff', 'DoubleType'), ('UserPreferencesDisableAllFeedsEmail', 'DoubleType'), ('UserPreferencesDisableFollowersEmail', 'DoubleType'), ('UserPreferencesDisableProfilePostEmail', 'DoubleType'), ('UserPreferencesDisableChangeCommentEmail', 'DoubleType'), ('UserPreferencesDisableLaterCommentEmail', 'DoubleType'), ('UserPreferencesDisProfPostCommentEmail', 'DoubleType'), ('UserPreferencesHideCSNGetChatterMobileTask', 'DoubleType'), ('UserPreferencesDisableMentionsPostEmail', 'DoubleType'), ('UserPreferencesDisMentionsCommentEmail', 'DoubleType'), ('UserPreferencesHideCSNDesktopTask', 'DoubleType'), ('UserPreferencesHideChatterOnboardingSplash', 'DoubleType'), ('UserPreferencesHideSecondChatterOnboardingSplash', 'DoubleType'), ('UserPreferencesDisCommentAfterLikeEmail', 'DoubleType'), ('UserPreferencesDisableLikeEmail', 'DoubleType'), ('UserPreferencesSortFeedByComment', 'DoubleType'), ('UserPreferencesDisableMessageEmail', 'DoubleType'), ('UserPreferencesDisableBookmarkEmail', 'DoubleType'), ('UserPreferencesDisableSharePostEmail', 'DoubleType'), ('UserPreferencesEnableAutoSubForFeeds', 'DoubleType'), ('UserPreferencesDisableFileShareNotificationsForApi', 'DoubleType'), ('UserPreferencesShowTitleToExternalUsers', 'DoubleType'), ('UserPreferencesShowManagerToExternalUsers', 'DoubleType'), ('UserPreferencesShowEmailToExternalUsers', 'DoubleType'), ('UserPreferencesShowWorkPhoneToExternalUsers', 'DoubleType'), ('UserPreferencesShowMobilePhoneToExternalUsers', 'DoubleType'), ('UserPreferencesShowFaxToExternalUsers', 'DoubleType'), ('UserPreferencesShowStreetAddressToExternalUsers', 'DoubleType'), ('UserPreferencesShowCityToExternalUsers', 'DoubleType'), ('UserPreferencesShowStateToExternalUsers', 'DoubleType'), ('UserPreferencesShowPostalCodeToExternalUsers', 'DoubleType'), ('UserPreferencesShowCountryToExternalUsers', 'DoubleType'), ('UserPreferencesShowProfilePicToGuestUsers', 'DoubleType'), ('UserPreferencesShowTitleToGuestUsers', 'DoubleType'), ('UserPreferencesShowCityToGuestUsers', 'DoubleType'), ('UserPreferencesShowStateToGuestUsers', 'DoubleType'), ('UserPreferencesShowPostalCodeToGuestUsers', 'DoubleType'), ('UserPreferencesShowCountryToGuestUsers', 'DoubleType'), ('UserPreferencesPipelineViewHideHelpPopover', 'DoubleType'), ('UserPreferencesHideS1BrowserUI', 'DoubleType'), ('UserPreferencesDisableEndorsementEmail', 'DoubleType'), ('UserPreferencesPathAssistantCollapsed', 'DoubleType'), ('UserPreferencesCacheDiagnostics', 'DoubleType'), ('UserPreferencesShowEmailToGuestUsers', 'DoubleType'), ('UserPreferencesShowManagerToGuestUsers', 'DoubleType'), ('UserPreferencesShowWorkPhoneToGuestUsers', 'DoubleType'), ('UserPreferencesShowMobilePhoneToGuestUsers', 'DoubleType'), ('UserPreferencesShowFaxToGuestUsers', 'DoubleType'), ('UserPreferencesShowStreetAddressToGuestUsers', 'DoubleType'), ('UserPreferencesLightningExperiencePreferred', 'DoubleType'), ('UserPreferencesHideEndUserOnboardingAssistantModal', 'DoubleType'), ('UserPreferencesHideLightningMigrationModal', 'DoubleType'), ('UserPreferencesHideSfxWelcomeMat', 'DoubleType'), ('UserPreferencesHideBiggerPhotoCallout', 'DoubleType'), ('UserPreferencesGlobalNavBarWTShown', 'DoubleType'), ('UserPreferencesGlobalNavGridMenuWTShown', 'DoubleType'), ('UserPreferencesCreateLEXAppsWTShown', 'DoubleType'), ('UserPreferencesFavoritesWTShown', 'DoubleType'), ('UserPreferencesRecordHomeSectionCollapseWTShown', 'DoubleType'), ('UserPreferencesRecordHomeReservedWTShown', 'DoubleType'), ('UserPreferencesFavoritesShowTopFavorites', 'DoubleType'), ('UserPreferencesExcludeMailAppAttachments', 'DoubleType'), ('UserPreferencesSuppressTaskSFXReminders', 'DoubleType'), ('UserPreferencesPreviewCustomTheme', 'DoubleType'), ('UserPreferencesHasCelebrationBadge', 'DoubleType'), ('UserPreferencesUserDebugModePref', 'DoubleType'), ('UserPreferencesSRHOverrideActivities', 'DoubleType'), ('UserPreferencesNewLightningReportRunPageEnabled', 'DoubleType'), ('UserPreferencesNativeEmailClient', 'DoubleType'), ('ContactId', 'StringType'), ('AccountId', 'StringType'), ('CallCenterId', 'StringType'), ('Extension', 'StringType'), ('FederationIdentifier', 'StringType'), ('AboutMe', 'StringType'), ('FullPhotoUrl', 'StringType'), ('SmallPhotoUrl', 'StringType'), ('IsExtIndicatorVisible', 'DoubleType'), ('OutOfOfficeMessage', 'StringType'), ('MediumPhotoUrl', 'StringType'), ('DigestFrequency', 'StringType'), ('DefaultGroupNotificationFrequency', 'StringType'), ('LastViewedDate', 'TimestampType'), ('LastReferencedDate', 'TimestampType'), ('BannerPhotoUrl', 'StringType'), ('SmallBannerPhotoUrl', 'StringType'), ('MediumBannerPhotoUrl', 'StringType'), ('IsProfilePhotoActive', 'DoubleType'), ('IndividualId', 'StringType'), ('PSVC_Home_Store__c', 'StringType'), ('PSVC_Job_Code__c', 'DoubleType'), ('PSVC_Channel__c', 'StringType'), ('PSVC_Associate_Email__c', 'StringType'), ('PSVC_Associate_Phone__c', 'StringType'), ('PSVC_Associate_Display_Name__c', 'StringType'), ('PSVC_Associate_ID__c', 'StringType'), ('PSVC_Employee_Group__c', 'StringType'), ('PSVC_Is_Online_Integration__c', 'DoubleType'), ('PSVC_Schedulable__c', 'DoubleType'), ('PSVC_Associate_Preferred_Name__c', 'StringType'), ('PSVC_Is_Virtual_Trainer__c', 'DoubleType')]"
WorkOrderLineItem,sds_WorkOrderLineItem,dev,full,"SELECT Id ,IsDeleted ,LineItemNumber ,CurrencyIsoCode ,CreatedDate ,CreatedById ,LastModifiedDate ,LastModifiedById ,SystemModstamp ,LastViewedDate ,LastReferencedDate ,WorkOrderId ,ParentWorkOrderLineItemId ,Product2Id ,AssetId ,OrderId ,RootWorkOrderLineItemId ,Description ,StartDate ,EndDate ,Status ,PricebookEntryId ,Quantity ,UnitPrice ,Discount ,ListPrice ,Subtotal ,TotalPrice ,Duration ,DurationType ,DurationInMinutes ,WorkTypeId ,Street ,City ,State ,PostalCode ,Country ,Latitude ,Longitude ,GeocodeAccuracy ,ServiceTerritoryId ,Subject ,StatusCategory ,IsClosed ,Priority ,ServiceAppointmentCount ,LocationId ,MinimumCrewSize ,RecommendedCrewSize ,ServiceReportTemplateId ,FSL__IsFillInCandidate__c ,FSL__VisitingHours__c 
 FROM WorkOrderLineItem Where CreatedDate  >= YESTERDAY OR LastModifiedDate  >= YESTERDAY",None,"[('Id', 'StringType'), ('IsDeleted', 'DoubleType'), ('LineItemNumber', 'StringType'), ('CurrencyIsoCode', 'StringType'), ('CreatedDate', 'TimestampType'), ('CreatedById', 'StringType'), ('LastModifiedDate', 'TimestampType'), ('LastModifiedById', 'StringType'), ('SystemModstamp', 'TimestampType'), ('LastViewedDate', 'TimestampType'), ('LastReferencedDate', 'TimestampType'), ('WorkOrderId', 'StringType'), ('ParentWorkOrderLineItemId', 'StringType'), ('Product2Id', 'StringType'), ('AssetId', 'StringType'), ('OrderId', 'StringType'), ('RootWorkOrderLineItemId', 'StringType'), ('Description', 'StringType'), ('StartDate', 'TimestampType'), ('EndDate', 'TimestampType'), ('Status', 'StringType'), ('PricebookEntryId', 'StringType'), ('Quantity', 'DoubleType'), ('UnitPrice', 'DoubleType'), ('Discount', 'ShortType'), ('ListPrice', 'DoubleType'), ('Subtotal', 'DoubleType'), ('TotalPrice', 'DoubleType'), ('Duration', 'DoubleType'), ('DurationType', 'StringType'), ('DurationInMinutes', 'DoubleType'), ('WorkTypeId', 'StringType'), ('Street', 'StringType'), ('City', 'StringType'), ('State', 'StringType'), ('PostalCode', 'StringType'), ('Country', 'StringType'), ('Latitude', 'DoubleType'), ('Longitude', 'DoubleType'), ('GeocodeAccuracy', 'StringType'), ('ServiceTerritoryId', 'StringType'), ('Subject', 'StringType'), ('StatusCategory', 'StringType'), ('IsClosed', 'DoubleType'), ('Priority', 'StringType'), ('ServiceAppointmentCount', 'DoubleType'), ('LocationId', 'StringType'), ('MinimumCrewSize', 'DoubleType'), ('RecommendedCrewSize', 'DoubleType'), ('ServiceReportTemplateId', 'StringType'), ('FSL__IsFillInCandidate__c', 'DoubleType'), ('FSL__VisitingHours__c', 'StringType')]"
OrderItem,sds_OrderItem,dev,full,"SELECT Id ,Product2Id ,IsDeleted ,OrderId ,PricebookEntryId ,OriginalOrderItemId ,QuoteLineItemId ,AvailableQuantity ,Quantity ,CurrencyIsoCode ,UnitPrice ,ListPrice ,TotalPrice ,ServiceDate ,EndDate ,Description ,CreatedDate ,CreatedById ,LastModifiedDate ,LastModifiedById ,SystemModstamp ,OrderItemNumber ,PSVC_Commission_Amount__c ,PSVC_Is_For_Quote__c ,PSVC_Price_Manual_Adjustment_Reason__c ,PSVC_Work_Order__c ,PSVC_Auto_Calculated_Price__c ,PSVC_Duplication__c ,PSVC_Manual_Adjusted_Price__c ,PSVC_Appointment_Date__c ,PSVC_Associate__c ,PSVC_Auto_Calculated_Price_Formula__c ,PSVC_Change_Commission_To__c ,PSVC_Change_To_Commission_Percentage__c ,PSVC_Commission_Receiver__c ,PSVC_Express__c ,PSVC_Is_Hidden__c ,PSVC_Resource_Commission__c ,PSVC_Order_Product_Number__c ,PSVC_Order_Product_SMS_ID__c ,PSVC_Total_Price_for_POS__c ,PSVC_Unit_Price_for_POS__c ,LineItemTotalTax__c ,PSVC_Total_Groom_Pay_Eligible_Price__c ,PSVC_OriginalUnitPrice__c ,PSVC_isPrePaid__c 
 FROM OrderItem Where ((Order.LastModifiedDate>=YESTERDAY ) OR (PSVC_Work_Order__r.LastModifiedDate  >=YESTERDAY ) OR (LastModifiedDate >=YESTERDAY))",None,"[('Id', 'StringType'), ('Product2Id', 'StringType'), ('IsDeleted', 'DoubleType'), ('OrderId', 'StringType'), ('PricebookEntryId', 'StringType'), ('OriginalOrderItemId', 'StringType'), ('QuoteLineItemId', 'StringType'), ('AvailableQuantity', 'DoubleType'), ('Quantity', 'DoubleType'), ('CurrencyIsoCode', 'StringType'), ('UnitPrice', 'DoubleType'), ('ListPrice', 'DoubleType'), ('TotalPrice', 'DoubleType'), ('DateCreated', 'TimestampType'), ('ServiceDate', 'TimestampType'), ('AllowCommissionToEmployee', 'TimestampType'), ('EndDate', 'TimestampType'), ('Description', 'StringType'), ('CreatedDate', 'TimestampType'), ('CreatedById', 'StringType'), ('LastModifiedDate', 'TimestampType'), ('LastModifiedById', 'StringType'), ('SystemModstamp', 'TimestampType'), ('OrderItemNumber', 'StringType'), ('GiftCertificateExpDate', 'TimestampType'), ('PSVC_Commission_Amount__c', 'DoubleType'), ('EmployeeTipNotes', 'StringType'), ('PSVC_Is_For_Quote__c', 'DoubleType'), ('PSVC_Price_Manual_Adjustment_Reason__c', 'StringType'), ('PSVC_Work_Order__c', 'StringType'), ('PSVC_Auto_Calculated_Price__c', 'DoubleType'), ('PSVC_Duplication__c', 'StringType'), ('PSVC_Manual_Adjusted_Price__c', 'DoubleType'), ('PSVC_Appointment_Date__c', 'TimestampType'), ('PSVC_Associate__c', 'StringType'), ('PSVC_Auto_Calculated_Price_Formula__c', 'DoubleType'), ('PSVC_Change_Commission_To__c', 'StringType'), ('PSVC_Change_To_Commission_Percentage__c', 'ShortType'), ('PSVC_Commission_Receiver__c', 'StringType'), ('PSVC_Express__c', 'DoubleType'), ('PSVC_Is_Hidden__c', 'DoubleType'), ('PSVC_Resource_Commission__c', 'DoubleType'), ('PSVC_Order_Product_Number__c', 'StringType'), ('PSVC_Order_Product_SMS_ID__c', 'StringType'), ('PSVC_Total_Price_for_POS__c', 'DoubleType'), ('PSVC_Unit_Price_for_POS__c', 'DoubleType'), ('PSVC_Total_Price_for_POS__c', 'DoubleType'), ('PSVC_Unit_Price_for_POS__c', 'DoubleType'), ('LineItemTotalTax__c', 'DoubleType'), ('PSVC_Total_Groom_Pay_Eligible_Price__c', 'DoubleType'), ('PSVC_OriginalUnitPrice__c', 'DoubleType'), ('PSVC_isPrePaid__c', 'DoubleType'), ('PSVC_OrderRecordTypeDevName__c', 'StringType'), ('PSVC_ExpressHidden_Product__c', 'StringType'), ('PSVC_WO_Express__c', 'DoubleType'), ('PSVC_BulkProductCode__c', 'StringType'), ('PSVC_BulkProductSKU__c', 'StringType'), ('PSVC_Order_Bundle_Config__c', 'StringType'), ('PSVC_First_Engagement__c', 'StringType'), ('Order_Id', 'StringType'), ('Order_OwnerId', 'StringType'), ('Order_ContractId', 'StringType'), ('Order_AccountId', 'StringType'), ('Order_Pricebook2Id', 'StringType'), ('Order_OriginalOrderId', 'StringType'), ('Order_OpportunityId', 'StringType'), ('Order_QuoteId', 'StringType'), ('Order_RecordTypeId', 'StringType'), ('Order_EffectiveDate', 'TimestampType'), ('Order_EndDate', 'TimestampType'), ('Order_IsReductionOrder', 'DoubleType'), ('Order_Status', 'StringType'), ('Order_Description', 'StringType'), ('Order_CustomerAuthorizedById', 'StringType'), ('Order_CustomerAuthorizedDate', 'TimestampType'), ('Order_CompanyAuthorizedById', 'StringType'), ('Order_CompanyAuthorizedDate', 'TimestampType'), ('Order_Type', 'StringType'), ('Order_BillingStreet', 'StringType'), ('Order_BillingCity', 'StringType'), ('Order_BillingState', 'StringType'), ('Order_BillingPostalCode', 'StringType'), ('Order_BillingCountry', 'StringType'), ('Order_BillingLatitude', 'DoubleType'), ('Order_BillingLongitude', 'DoubleType'), ('Order_BillingGeocodeAccuracy', 'StringType'), ('Order_ShippingStreet', 'StringType'), ('Order_ShippingCity', 'StringType'), ('Order_ShippingState', 'StringType'), ('Order_ShippingPostalCode', 'StringType'), ('Order_ShippingCountry', 'StringType'), ('Order_ShippingLatitude', 'DoubleType'), ('Order_ShippingLongitude', 'DoubleType'), ('Order_ShippingGeocodeAccuracy', 'StringType'), ('Order_Name', 'StringType'), ('Order_PoDate', 'TimestampType'), ('Order_PoNumber', 'StringType'), ('Order_OrderReferenceNumber', 'StringType'), ('Order_BillToContactId', 'StringType'), ('Order_ShipToContactId', 'StringType'), ('Order_ActivatedDate', 'TimestampType'), ('Order_ActivatedById', 'StringType'), ('Order_StatusCode', 'StringType'), ('Order_CurrencyIsoCode', 'StringType'), ('Order_OrderNumber', 'StringType'), ('Order_TotalAmount', 'DoubleType'), ('Order_CreatedDate', 'TimestampType'), ('Order_CreatedById', 'StringType'), ('Order_LastModifiedDate', 'TimestampType'), ('Order_LastModifiedById', 'StringType'), ('Order_IsDeleted', 'DoubleType'), ('Order_SystemModstamp', 'TimestampType'), ('Order_LastViewedDate', 'TimestampType'), ('Order_LastReferencedDate', 'TimestampType'), ('Order_PSVC_Payment_Method__c', 'StringType'), ('Order_PSVC_Store_Number__c', 'StringType'), ('Order_PSVC_New_Grooming_Customer__c', 'DoubleType'), ('Order_PSVC_Manual_Adjustment_Updated_Price__c', 'DoubleType'), ('Order_PSVC_User_Who_Voided__c', 'StringType'), ('Order_PSVC_Void_Reason__c', 'StringType'), ('Order_PSVC_Invoice__c', 'StringType'), ('Order_PSVC_Order_Number__c', 'StringType'), ('Order_PSVC_Available_for_Void__c', 'DoubleType'), ('Order_PSVC_Order_SMS_ID__c', 'StringType'), ('Order_PSVC_Void_Date_Time__c', 'TimestampType'), ('Order_PSVC_OrderNumber__c', 'StringType'), ('Order_PSVC_Total_Amount_for_POS__c', 'DoubleType'), ('Order_PSVC_is_Dummy_Appointment__c', 'DoubleType'), ('Order_Creation_Channel__c', 'StringType'), ('Order_TotalTax__c', 'DoubleType'), ('Order_PSVC_AzSB_publicationStatus__c', 'StringType'), ('PSVC_Work_Order__r_Id', 'StringType'), ('PSVC_Work_Order__r_OwnerId', 'StringType'), ('PSVC_Work_Order__r_IsDeleted', 'DoubleType'), ('PSVC_Work_Order__r_WorkOrderNumber', 'StringType'), ('PSVC_Work_Order__r_CurrencyIsoCode', 'StringType'), ('PSVC_Work_Order__r_CreatedDate', 'TimestampType'), ('PSVC_Work_Order__r_CreatedById', 'StringType'), ('PSVC_Work_Order__r_LastModifiedDate', 'TimestampType'), ('PSVC_Work_Order__r_LastModifiedById', 'StringType'), ('PSVC_Work_Order__r_SystemModstamp', 'TimestampType'), ('PSVC_Work_Order__r_LastViewedDate', 'TimestampType'), ('PSVC_Work_Order__r_LastReferencedDate', 'TimestampType'), ('PSVC_Work_Order__r_AccountId', 'StringType'), ('PSVC_Work_Order__r_ContactId', 'StringType'), ('PSVC_Work_Order__r_CaseId', 'StringType'), ('PSVC_Work_Order__r_AssetId', 'StringType'), ('PSVC_Work_Order__r_Street', 'StringType'), ('PSVC_Work_Order__r_City', 'StringType'), ('PSVC_Work_Order__r_State', 'StringType'), ('PSVC_Work_Order__r_PostalCode', 'StringType'), ('PSVC_Work_Order__r_Country', 'StringType'), ('PSVC_Work_Order__r_Latitude', 'DoubleType'), ('PSVC_Work_Order__r_Longitude', 'DoubleType'), ('PSVC_Work_Order__r_GeocodeAccuracy', 'StringType'), ('PSVC_Work_Order__r_Description', 'StringType'), ('PSVC_Work_Order__r_StartDate', 'TimestampType'), ('PSVC_Work_Order__r_EndDate', 'TimestampType'), ('PSVC_Work_Order__r_Subject', 'StringType'), ('PSVC_Work_Order__r_RootWorkOrderId', 'StringType'), ('PSVC_Work_Order__r_Status', 'StringType'), ('PSVC_Work_Order__r_Priority', 'StringType'), ('PSVC_Work_Order__r_Tax', 'DoubleType'), ('PSVC_Work_Order__r_Subtotal', 'DoubleType'), ('PSVC_Work_Order__r_TotalPrice', 'DoubleType'), ('PSVC_Work_Order__r_LineItemCount', 'DoubleType'), ('PSVC_Work_Order__r_Pricebook2Id', 'StringType'), ('PSVC_Work_Order__r_Discount', 'ShortType'), ('PSVC_Work_Order__r_GrandTotal', 'DoubleType'), ('PSVC_Work_Order__r_ParentWorkOrderId', 'StringType'), ('PSVC_Work_Order__r_IsClosed', 'DoubleType'), ('PSVC_Work_Order__r_BusinessHoursId', 'StringType'), ('PSVC_Work_Order__r_Duration', 'DoubleType'), ('PSVC_Work_Order__r_DurationType', 'StringType'), ('PSVC_Work_Order__r_DurationInMinutes', 'DoubleType'), ('PSVC_Work_Order__r_ServiceAppointmentCount', 'DoubleType'), ('PSVC_Work_Order__r_WorkTypeId', 'StringType'), ('PSVC_Work_Order__r_ServiceTerritoryId', 'StringType'), ('PSVC_Work_Order__r_StatusCategory', 'StringType'), ('PSVC_Work_Order__r_LocationId', 'StringType'), ('PSVC_Work_Order__r_MaintenancePlanId', 'StringType'), ('PSVC_Work_Order__r_SuggestedMaintenanceDate', 'TimestampType'), ('PSVC_Work_Order__r_MinimumCrewSize', 'DoubleType'), ('PSVC_Work_Order__r_RecommendedCrewSize', 'DoubleType'), ('PSVC_Work_Order__r_ServiceReportTemplateId', 'StringType'), ('PSVC_Work_Order__r_FSL__IsFillInCandidate__c', 'DoubleType'), ('PSVC_Work_Order__r_FSL__Prevent_Geocoding_For_Chatter_Actions__c', 'DoubleType'), ('PSVC_Work_Order__r_FSL__Scheduling_Priority__c', 'DoubleType'), ('PSVC_Work_Order__r_FSL__VisitingHours__c', 'StringType'), ('PSVC_Work_Order__r_PSVC_External_URL__c', 'StringType'), ('PSVC_Work_Order__r_PSVC_Receive_Push__c', 'DoubleType'), ('PSVC_Work_Order__r_PSVC_Spayed_Neutered__c', 'StringType'), ('PSVC_Work_Order__r_PSVC_New_Grooming_Customer__c', 'DoubleType'), ('PSVC_Work_Order__r_PSVC_Agent_Name__c', 'StringType'), ('PSVC_Work_Order__r_PSVC_Grooming_Service_Card_Alert_Formula__c', 'StringType'), ('PSVC_Work_Order__r_PSVC_Associate_Locked__c', 'DoubleType'), ('PSVC_Work_Order__r_PSVC_Boarded_Guest__c', 'DoubleType'), ('PSVC_Work_Order__r_PSVC_Breed__c', 'StringType'), ('PSVC_Work_Order__r_PSVC_Color__c', 'StringType'), ('PSVC_Work_Order__r_PSVC_Commission__c', 'ShortType'), ('PSVC_Work_Order__r_PSVC_Email__c', 'StringType'), ('PSVC_Work_Order__r_PSVC_Grooming_Service_Card_Alert__c', 'StringType'), ('PSVC_Work_Order__r_PSVC_Home__c', 'StringType'), ('PSVC_Work_Order__r_PSVC_Make_Reservations__c', 'DoubleType'), ('PSVC_Work_Order__r_PSVC_Markings__c', 'StringType'), ('PSVC_Work_Order__r_PSVC_Mix__c', 'DoubleType'), ('PSVC_Work_Order__r_PSVC_Mobile__c', 'StringType'), ('PSVC_Work_Order__r_PSVC_Order__c', 'StringType'), ('PSVC_Work_Order__r_PSVC_Owner_Details__c', 'StringType'), ('PSVC_Work_Order__r_PSVC_Pet_Customer_Summary__c', 'StringType'), ('PSVC_Work_Order__r_PSVC_Pet_Details__c', 'StringType'), ('PSVC_Work_Order__r_PSVC_Rabies_Exp__c', 'TimestampType'), ('PSVC_Work_Order__r_PSVC_Receive_Email__c', 'DoubleType'), ('PSVC_Work_Order__r_PSVC_Receive_SMS__c', 'DoubleType'), ('PSVC_Work_Order__r_PSVC_Required_Resource__c', 'StringType'), ('PSVC_Work_Order__r_PSVC_Sex__c', 'StringType'), ('PSVC_Work_Order__r_PSVC_SMS_Channel__c', 'StringType'), ('PSVC_Work_Order__r_PSVC_Species__c', 'StringType'), ('PSVC_Work_Order__r_PSVC_Weight_lbs__c', 'DoubleType'), ('PSVC_Work_Order__r_PSVC_Appointment_Lapsed_Time__c', 'DoubleType'), ('PSVC_Work_Order__r_PSVC_Appointment_Price__c', 'DoubleType'), ('PSVC_Work_Order__r_PSVC_Assigned_Resource__c', 'StringType'), ('PSVC_Work_Order__r_PSVC_Cancellation_Date_Time__c', 'TimestampType'), ('PSVC_Work_Order__r_PSVC_Cancellation_Lead_Time__c', 'DoubleType'), ('PSVC_Work_Order__r_PSVC_Cancellation_Reason__c', 'StringType'), ('PSVC_Work_Order__r_PSVC_Customer_First_Name__c', 'StringType'), ('PSVC_Work_Order__r_PSVC_Customer_Last_Name__c', 'StringType'), ('PSVC_Work_Order__r_PSVC_Invoice_Link__c', 'StringType'), ('PSVC_Work_Order__r_PSVC_Paid__c', 'DoubleType'), ('PSVC_Work_Order__r_PSVC_Sent_to_POS__c', 'DoubleType'), ('PSVC_Work_Order__r_PSVC_Staff_First_Name__c', 'StringType'), ('PSVC_Work_Order__r_PSVC_Staff_Last_Name__c', 'StringType'), ('PSVC_Work_Order__r_PSVC_User_Who_Cancelled__c', 'StringType'), ('PSVC_Work_Order__r_PSVC_Associate_Notes__c', 'StringType'), ('PSVC_Work_Order__r_PSVC_Associate_Notification__c', 'StringType'), ('PSVC_Work_Order__r_PSVC_Channel__c', 'StringType'), ('PSVC_Work_Order__r_PSVC_Creation_Channel__c', 'StringType'), ('PSVC_Work_Order__r_PSVC_Invoice__c', 'StringType'), ('PSVC_Work_Order__r_PSVC_Max_Check_In_Count__c', 'DoubleType'), ('PSVC_Work_Order__r_PSVC_Max_Per_Block_Count__c', 'DoubleType'), ('PSVC_Work_Order__r_PSVC_Appointment_SMS_ID__c', 'StringType'), ('PSVC_Work_Order__r_PSVC_Birthdate__c', 'TimestampType'), ('PSVC_Work_Order__r_PSVC_Express__c', 'DoubleType'), ('PSVC_Work_Order__r_PSVC_Service_Notes__c', 'StringType'), ('PSVC_Work_Order__r_PSVC_is_Dummy_Appointment__c', 'DoubleType'), ('PSVC_Work_Order__r_ARCompare__c', 'StringType'), ('PSVC_Work_Order__r_PSVC_Max_per_block_reduction_reason__c', 'StringType'), ('PSVC_Work_Order__r_PSVC_Redemption__c', 'StringType'), ('PSVC_Work_Order__r_PSVC_Pre_Check_In__c', 'DoubleType'), ('PSVC_Work_Order__r_Account_Id', 'StringType'), ('PSVC_Work_Order__r_Account_IsDeleted', 'DoubleType'), ('PSVC_Work_Order__r_Account_MasterRecordId', 'StringType'), ('PSVC_Work_Order__r_Account_Name', 'StringType'), ('PSVC_Work_Order__r_Account_Type', 'StringType'), ('PSVC_Work_Order__r_Account_ParentId', 'StringType'), ('PSVC_Work_Order__r_Account_BillingStreet', 'StringType'), ('PSVC_Work_Order__r_Account_BillingCity', 'StringType'), ('PSVC_Work_Order__r_Account_BillingState', 'StringType'), ('PSVC_Work_Order__r_Account_BillingPostalCode', 'StringType'), ('PSVC_Work_Order__r_Account_BillingCountry', 'StringType'), ('PSVC_Work_Order__r_Account_BillingLatitude', 'DoubleType'), ('PSVC_Work_Order__r_Account_BillingLongitude', 'DoubleType'), ('PSVC_Work_Order__r_Account_BillingGeocodeAccuracy', 'StringType'), ('PSVC_Work_Order__r_Account_ShippingStreet', 'StringType'), ('PSVC_Work_Order__r_Account_ShippingCity', 'StringType'), ('PSVC_Work_Order__r_Account_ShippingState', 'StringType'), ('PSVC_Work_Order__r_Account_ShippingPostalCode', 'StringType'), ('PSVC_Work_Order__r_Account_ShippingCountry', 'StringType'), ('PSVC_Work_Order__r_Account_ShippingLatitude', 'DoubleType'), ('PSVC_Work_Order__r_Account_ShippingLongitude', 'DoubleType'), ('PSVC_Work_Order__r_Account_ShippingGeocodeAccuracy', 'StringType'), ('PSVC_Work_Order__r_Account_Phone', 'StringType'), ('PSVC_Work_Order__r_Account_Fax', 'StringType'), ('PSVC_Work_Order__r_Account_AccountNumber', 'StringType'), ('PSVC_Work_Order__r_Account_Website', 'StringType'), ('PSVC_Work_Order__r_Account_PhotoUrl', 'StringType'), ('PSVC_Work_Order__r_Account_Sic', 'StringType'), ('PSVC_Work_Order__r_Account_Industry', 'StringType'), ('PSVC_Work_Order__r_Account_AnnualRevenue', 'DoubleType'), ('PSVC_Work_Order__r_Account_NumberOfEmployees', 'DoubleType'), ('PSVC_Work_Order__r_Account_Ownership', 'StringType'), ('PSVC_Work_Order__r_Account_TickerSymbol', 'StringType'), ('PSVC_Work_Order__r_Account_Description', 'StringType'), ('PSVC_Work_Order__r_Account_Rating', 'StringType'), ('PSVC_Work_Order__r_Account_Site', 'StringType'), ('PSVC_Work_Order__r_Account_CurrencyIsoCode', 'StringType'), ('PSVC_Work_Order__r_Account_OwnerId', 'StringType'), ('PSVC_Work_Order__r_Account_CreatedDate', 'TimestampType'), ('PSVC_Work_Order__r_Account_CreatedById', 'StringType'), ('PSVC_Work_Order__r_Account_LastModifiedDate', 'TimestampType'), ('PSVC_Work_Order__r_Account_LastModifiedById', 'StringType'), ('PSVC_Work_Order__r_Account_SystemModstamp', 'TimestampType'), ('PSVC_Work_Order__r_Account_LastActivityDate', 'TimestampType'), ('PSVC_Work_Order__r_Account_LastViewedDate', 'TimestampType'), ('PSVC_Work_Order__r_Account_LastReferencedDate', 'TimestampType'), ('PSVC_Work_Order__r_Account_Jigsaw', 'StringType'), ('PSVC_Work_Order__r_Account_JigsawCompanyId', 'StringType'), ('PSVC_Work_Order__r_Account_AccountSource', 'StringType'), ('PSVC_Work_Order__r_Account_SicDesc', 'StringType'), ('PSVC_Work_Order__r_Account_OperatingHoursId', 'StringType'), ('PSVC_Work_Order__r_Account_PSVC_Active__c', 'DoubleType'), ('PSVC_Work_Order__r_Account_PSVC_Agent_Name__c', 'StringType'), ('PSVC_Work_Order__r_Account_PSVC_Booking_Alert__c', 'StringType'), ('PSVC_Work_Order__r_Account_PSVC_Check_In_Alert__c', 'StringType'), ('PSVC_Work_Order__r_Account_PSVC_Check_Out_Alert__c', 'StringType'), ('PSVC_Work_Order__r_Account_PSVC_Customer_Notes__c', 'StringType'), ('PSVC_Work_Order__r_Account_PSVC_Do_Not_Book_Reason__c', 'StringType'), ('PSVC_Work_Order__r_Account_PSVC_Do_Not_Book__c', 'DoubleType'), ('PSVC_Work_Order__r_Account_PSVC_Email__c', 'StringType'), ('PSVC_Work_Order__r_Account_PSVC_First_Name__c', 'StringType'), ('PSVC_Work_Order__r_Account_PSVC_Last_Name__c', 'StringType'), ('PSVC_Work_Order__r_Account_PSVC_Mobile__c', 'StringType'), ('PSVC_Work_Order__r_Account_PSVC_PODS_Customer_ID__c', 'StringType'), ('PSVC_Work_Order__r_Account_PSVC_Primary_Flag__c', 'DoubleType'), ('PSVC_Work_Order__r_Account_PSVC_Receive_Email_Notifications__c', 'DoubleType'), ('PSVC_Work_Order__r_Account_PSVC_Receive_Text_Notification__c', 'DoubleType'), ('PSVC_Work_Order__r_Account_PSVC_Reminder_Call__c', 'DoubleType'), ('PSVC_Work_Order__r_Account_PSVC_SMS_Customer_ID__c', 'DoubleType'), ('PSVC_Work_Order__r_Account_PSVC_Work_Phone__c', 'StringType'), ('PSVC_Work_Order__r_Account_PSVC_Push__c', 'StringType'), ('PSVC_Work_Order__r_Account_PSVC_Receive_Push_Notifications__c', 'DoubleType'), ('PSVC_Work_Order__r_Account_PSVC_New_Grooming_Customer__c', 'DoubleType'), ('PSVC_Work_Order__r_Account_PSVC_isDigitalLoyalty__c', 'DoubleType'), ('PSVC_Work_Order__r_Account_Primary_Phone__c', 'StringType'), ('PSVC_Work_Order__r_Account_PSVC_PSA_On_File__c', 'DoubleType'), ('PSVC_Work_Order__r_Account_PSVC_FTC_Eligible_Datetime__c', 'TimestampType'), ('PSVC_Work_Order__r_Account_PSVC_Last_Appointment_Datetime__c', 'TimestampType'), ('PSVC_Work_Order__r_Account_PSVC_isFirstTimeCustomer__c', 'DoubleType'), ('PSVC_Work_Order__r_Asset_Id', 'StringType'), ('PSVC_Work_Order__r_Asset_ContactId', 'StringType'), ('PSVC_Work_Order__r_Asset_AccountId', 'StringType'), ('PSVC_Work_Order__r_Asset_ParentId', 'StringType'), ('PSVC_Work_Order__r_Asset_RootAssetId', 'StringType'), ('PSVC_Work_Order__r_Asset_Product2Id', 'StringType'), ('PSVC_Work_Order__r_Asset_ProductCode', 'StringType'), ('PSVC_Work_Order__r_Asset_IsCompetitorProduct', 'DoubleType'), ('PSVC_Work_Order__r_Asset_CreatedDate', 'TimestampType'), ('PSVC_Work_Order__r_Asset_CreatedById', 'StringType'), ('PSVC_Work_Order__r_Asset_LastModifiedDate', 'TimestampType'), ('PSVC_Work_Order__r_Asset_LastModifiedById', 'StringType'), ('PSVC_Work_Order__r_Asset_SystemModstamp', 'TimestampType'), ('PSVC_Work_Order__r_Asset_IsDeleted', 'DoubleType'), ('PSVC_Work_Order__r_Asset_CurrencyIsoCode', 'StringType'), ('PSVC_Work_Order__r_Asset_Name', 'StringType'), ('PSVC_Work_Order__r_Asset_SerialNumber', 'StringType'), ('PSVC_Work_Order__r_Asset_InstallDate', 'TimestampType'), ('PSVC_Work_Order__r_Asset_PurchaseDate', 'TimestampType'), ('PSVC_Work_Order__r_Asset_UsageEndDate', 'TimestampType'), ('PSVC_Work_Order__r_Asset_Status', 'StringType'), ('PSVC_Work_Order__r_Asset_Price', 'DoubleType'), ('PSVC_Work_Order__r_Asset_Quantity', 'DoubleType'), ('PSVC_Work_Order__r_Asset_Description', 'StringType'), ('PSVC_Work_Order__r_Asset_OwnerId', 'StringType'), ('PSVC_Work_Order__r_Asset_LocationId', 'StringType'), ('PSVC_Work_Order__r_Asset_AssetProvidedById', 'StringType'), ('PSVC_Work_Order__r_Asset_AssetServicedById', 'StringType'), ('PSVC_Work_Order__r_Asset_IsInternal', 'DoubleType'), ('PSVC_Work_Order__r_Asset_AssetLevel', 'DoubleType'), ('PSVC_Work_Order__r_Asset_StockKeepingUnit', 'StringType'), ('PSVC_Work_Order__r_Asset_LastViewedDate', 'TimestampType'), ('PSVC_Work_Order__r_Asset_LastReferencedDate', 'TimestampType'), ('PSVC_Work_Order__r_Asset_PSVC_Active__c', 'DoubleType'), ('PSVC_Work_Order__r_Asset_PSVC_Allergies__c', 'DoubleType'), ('PSVC_Work_Order__r_Asset_PSVC_Arthritis__c', 'DoubleType'), ('PSVC_Work_Order__r_Asset_PSVC_Birthdate__c', 'TimestampType'), ('PSVC_Work_Order__r_Asset_PSVC_Blind__c', 'DoubleType'), ('PSVC_Work_Order__r_Asset_PSVC_Bloat__c', 'DoubleType'), ('PSVC_Work_Order__r_Asset_PSVC_Bordetella_Expiration_Date__c', 'TimestampType'), ('PSVC_Work_Order__r_Asset_PSVC_Breed__c', 'StringType'), ('PSVC_Work_Order__r_Asset_PSVC_Cancer__c', 'DoubleType'), ('PSVC_Work_Order__r_Asset_PSVC_Color__c', 'StringType'), ('PSVC_Work_Order__r_Asset_PSVC_Distemper_Expiration_Date__c', 'TimestampType'), ('PSVC_Work_Order__r_Asset_PSVC_FVRCCP_Expiration_Date__c', 'TimestampType'), ('PSVC_Work_Order__r_Asset_PSVC_Flea_Tick_Treatment__c', 'DoubleType'), ('PSVC_Work_Order__r_Asset_PSVC_Grooming_Booking_Alert_Text__c', 'StringType'), ('PSVC_Work_Order__r_Asset_PSVC_Grooming_Check_In_Alert_Text__c', 'StringType'), ('PSVC_Work_Order__r_Asset_PSVC_Grooming_Check_Out_Alert_Text__c', 'StringType'), ('PSVC_Work_Order__r_Asset_PSVC_Grooming_Pet_Rating__c', 'StringType'), ('PSVC_Work_Order__r_Asset_PSVC_Grooming_Rating_Reason__c', 'StringType'), ('PSVC_Work_Order__r_Asset_PSVC_Grooming_Service_Card_Alert_Text__c', 'StringType'), ('PSVC_Work_Order__r_Asset_PSVC_Heart_Condition__c', 'DoubleType'), ('PSVC_Work_Order__r_Asset_PSVC_In_Heat__c', 'DoubleType'), ('PSVC_Work_Order__r_Asset_PSVC_Injuries__c', 'DoubleType'), ('PSVC_Work_Order__r_Asset_PSVC_Marking__c', 'StringType'), ('PSVC_Work_Order__r_Asset_PSVC_Mix__c', 'DoubleType'), ('PSVC_Work_Order__r_Asset_PSVC_Other_Issues__c', 'DoubleType'), ('PSVC_Work_Order__r_Asset_PSVC_PODS_Pet_ID__c', 'StringType'), ('PSVC_Work_Order__r_Asset_PSVC_Parainfluenza_Expiration_Date__c', 'TimestampType'), ('PSVC_Work_Order__r_Asset_PSVC_Parvovirus_Expiration_Date__c', 'TimestampType'), ('PSVC_Work_Order__r_Asset_PSVC_Physical_Limitations__c', 'DoubleType'), ('PSVC_Work_Order__r_Asset_PSVC_Pregnant_Nursing__c', 'DoubleType'), ('PSVC_Work_Order__r_Asset_PSVC_Rabies_Expiration_Date__c', 'TimestampType'), ('PSVC_Work_Order__r_Asset_PSVC_Respiratory_Disease__c', 'DoubleType'), ('PSVC_Work_Order__r_Asset_PSVC_SMS_Pet_ID__c', 'DoubleType'), ('PSVC_Work_Order__r_Asset_PSVC_Sedation_When_Groomed__c', 'DoubleType'), ('PSVC_Work_Order__r_Asset_PSVC_Seizures__c', 'DoubleType'), ('PSVC_Work_Order__r_Asset_PSVC_Service_Notes__c', 'StringType'), ('PSVC_Work_Order__r_Asset_PSVC_Sex__c', 'StringType'), ('PSVC_Work_Order__r_Asset_PSVC_Spayed_Neutered__c', 'StringType'), ('PSVC_Work_Order__r_Asset_PSVC_Species__c', 'StringType'), ('PSVC_Work_Order__r_Asset_PSVC_Thyroid_Disease__c', 'DoubleType'), ('PSVC_Work_Order__r_Asset_PSVC_Vet_Name__c', 'StringType'), ('PSVC_Work_Order__r_Asset_PSVC_Weight_lbs__c', 'DoubleType'), ('PSVC_Work_Order__r_Asset_PSVC_Pet_Photo__c', 'StringType'), ('PSVC_Work_Order__r_Asset_PSVC_Breed_Text__c', 'StringType'), ('PSVC_Work_Order__r_ServiceTerritory_Id', 'StringType'), ('PSVC_Work_Order__r_ServiceTerritory_OwnerId', 'StringType'), ('PSVC_Work_Order__r_ServiceTerritory_IsDeleted', 'DoubleType'), ('PSVC_Work_Order__r_ServiceTerritory_Name', 'StringType'), ('PSVC_Work_Order__r_ServiceTerritory_CurrencyIsoCode', 'StringType'), ('PSVC_Work_Order__r_ServiceTerritory_CreatedDate', 'TimestampType'), ('PSVC_Work_Order__r_ServiceTerritory_CreatedById', 'StringType'), ('PSVC_Work_Order__r_ServiceTerritory_LastModifiedDate', 'TimestampType'), ('PSVC_Work_Order__r_ServiceTerritory_LastModifiedById', 'StringType'), ('PSVC_Work_Order__r_ServiceTerritory_SystemModstamp', 'TimestampType'), ('PSVC_Work_Order__r_ServiceTerritory_LastViewedDate', 'TimestampType'), ('PSVC_Work_Order__r_ServiceTerritory_LastReferencedDate', 'TimestampType'), ('PSVC_Work_Order__r_ServiceTerritory_ParentTerritoryId', 'StringType'), ('PSVC_Work_Order__r_ServiceTerritory_TopLevelTerritoryId', 'StringType'), ('PSVC_Work_Order__r_ServiceTerritory_Description', 'StringType'), ('PSVC_Work_Order__r_ServiceTerritory_OperatingHoursId', 'StringType'), ('PSVC_Work_Order__r_ServiceTerritory_Street', 'StringType'), ('PSVC_Work_Order__r_ServiceTerritory_City', 'StringType'), ('PSVC_Work_Order__r_ServiceTerritory_State', 'StringType'), ('PSVC_Work_Order__r_ServiceTerritory_PostalCode', 'StringType'), ('PSVC_Work_Order__r_ServiceTerritory_Country', 'StringType'), ('PSVC_Work_Order__r_ServiceTerritory_Latitude', 'DoubleType'), ('PSVC_Work_Order__r_ServiceTerritory_Longitude', 'DoubleType'), ('PSVC_Work_Order__r_ServiceTerritory_GeocodeAccuracy', 'StringType'), ('PSVC_Work_Order__r_ServiceTerritory_IsActive', 'DoubleType'), ('PSVC_Work_Order__r_ServiceTerritory_FSL__Hide_Emergency_Map__c', 'DoubleType'), ('PSVC_Work_Order__r_ServiceTerritory_FSL__Internal_SLR_Geolocation__Latitude__s', 'DoubleType'), ('PSVC_Work_Order__r_ServiceTerritory_FSL__Internal_SLR_Geolocation__Longitude__s', 'DoubleType'), ('PSVC_Work_Order__r_ServiceTerritory_FSL__NumberOfServicesToDripFeed__c', 'DoubleType'), ('PSVC_Work_Order__r_ServiceTerritory_FSL__System_Jobs__c', 'StringType'), ('PSVC_Work_Order__r_ServiceTerritory_FSL__TerritoryLevel__c', 'DoubleType'), ('PSVC_Work_Order__r_ServiceTerritory_PSVC_Break_Duration_Hours__c', 'StringType'), ('PSVC_Work_Order__r_ServiceTerritory_PSVC_Earliest_Online_Booking_Months__c', 'DoubleType'), ('PSVC_Work_Order__r_ServiceTerritory_PSVC_Groomery_Flag__c', 'DoubleType'), ('PSVC_Work_Order__r_ServiceTerritory_PSVC_Latest_Online_Booking_Hours__c', 'DoubleType'), ('PSVC_Work_Order__r_ServiceTerritory_PSVC_Store_Number__c', 'StringType'), ('PSVC_Work_Order__r_ServiceTerritory_PSVC_Address_Line_1__c', 'StringType'), ('PSVC_Work_Order__r_ServiceTerritory_PSVC_Address_Line_2__c', 'StringType'), ('PSVC_Work_Order__r_ServiceTerritory_PSVC_City__c', 'StringType'), ('PSVC_Work_Order__r_ServiceTerritory_PSVC_Location_Type__c', 'StringType'), ('PSVC_Work_Order__r_ServiceTerritory_PSVC_State__c', 'StringType'), ('PSVC_Work_Order__r_ServiceTerritory_PSVC_Store_Location_Phone_Number__c', 'StringType'), ('PSVC_Work_Order__r_ServiceTerritory_PSVC_Zip_Code__c', 'StringType'), ('PSVC_Work_Order__r_ServiceTerritory_FSL__Service_Cluster_Min_Size__c', 'DoubleType'), ('PSVC_Work_Order__r_ServiceTerritory_FSL__Service_Cluster_Proximity__c', 'DoubleType'), ('PSVC_Work_Order__r_ServiceTerritory_PSVC_Stagger__c', 'DoubleType'), ('PSVC_Work_Order__r_ServiceTerritory_PSVC_Is_My_Store__c', 'DoubleType'), ('PSVC_Work_Order__r_ServiceTerritory_PSVC_Store_Number_Formula__c', 'StringType'), ('PSVC_Work_Order__r_ServiceTerritory_PSVC_Country__c', 'StringType'), ('PSVC_Work_Order__r_ServiceTerritory_PSVC_Lunch_breaks_start_interval_hours__c', 'DoubleType'), ('PSVC_Work_Order__r_ServiceTerritory_PSVC_Min_shift_duration_for_break_hours__c', 'DoubleType'), ('PSVC_Work_Order__r_ServiceTerritory_PSVC_Store_Number_Value__c', 'StringType')]"
ServiceAppointment,sds_ServiceAppointment,dev,full,"SELECT Id ,OwnerId ,IsDeleted ,AppointmentNumber ,CurrencyIsoCode ,CreatedDate ,CreatedById ,LastModifiedDate ,LastModifiedById ,SystemModstamp ,LastViewedDate ,LastReferencedDate ,ParentRecordId ,ParentRecordType ,AccountId ,WorkTypeId ,ContactId ,Street ,City ,State ,PostalCode ,Country ,Latitude ,Longitude ,GeocodeAccuracy ,Description ,EarliestStartTime ,DueDate ,Duration ,ArrivalWindowStartTime ,ArrivalWindowEndTime ,Status ,SchedStartTime ,SchedEndTime ,ActualStartTime ,ActualEndTime ,ActualDuration ,DurationType ,DurationInMinutes ,ServiceTerritoryId ,Subject ,ParentRecordStatusCategory ,StatusCategory ,ServiceNote ,FSL__Appointment_Grade__c ,FSL__Auto_Schedule__c ,FSL__Emergency__c ,FSL__GanttColor__c ,FSL__GanttLabel__c ,FSL__InJeopardyReason__c ,FSL__InJeopardy__c ,FSL__InternalSLRGeolocation__Latitude__s ,FSL__InternalSLRGeolocation__Longitude__s ,FSL__IsFillInCandidate__c ,FSL__IsMultiDay__c ,FSL__MDS_Calculated_length__c ,FSL__MDT_Operational_Time__c ,FSL__Pinned__c ,FSL__Prevent_Geocoding_For_Chatter_Actions__c ,FSL__Related_Service__c ,FSL__Same_Day__c ,FSL__Same_Resource__c ,FSL__Schedule_Mode__c ,FSL__Schedule_over_lower_priority_appointment__c ,FSL__Scheduling_Policy_Used__c ,FSL__Time_Dependency__c ,FSL__UpdatedByOptimization__c ,FSL__Virtual_Service_For_Chatter_Action__c ,PSVC_Address_Line_1__c ,PSVC_Address_Line_2__c ,PSVC_Assigned_Resource__c ,PSVC_City__c ,PSVC_Customer_Email__c ,PSVC_Customer_First_Name__c ,PSVC_Customer_Last_Name__c ,PSVC_Order_Confirmation_Number__c ,PSVC_Pet_Name__c ,PSVC_Service_Name__c ,PSVC_Species__c ,PSVC_Staff_First_Name__c ,PSVC_Staff_Last_Name__c ,PSVC_State__c ,PSVC_Store_Location_Phone_Number__c ,PSVC_Work_Order__c ,PSVC_Zip_Code__c ,PSVC_Weight_lbs__c ,PSVC_Associate_Notification__c ,PSVC_Creation_Channel__c ,PSVC_Is_Online__c ,PSVC_Notification_Time__c ,PSVC_Schedueled_Start_Draft__c ,PSVC_Appointment_SMS_ID__c ,PSVC_Customer_Phone__c ,PSVC_Notification_Status_Description__c ,PSVC_Only_Once__c ,PSVC_Receive_Email__c ,PSVC_Receive_SMS__c ,PSVC_Customer_Push_ID__c ,PSVC_Receive_Push__c ,FSL__Gantt_Display_Date__c ,FSL__Use_Async_Logic__c ,PSVC_Order_Date_Range__c ,PSVC_New_Grooming_Customer__c ,FSL__GanttIcon__c ,PSVC_Associate_Notification_Text_Push__c ,PSVC_Invoice_Link__c ,PSVC_Is_Invoice_Generated__c ,PSVC_SchedStartTime_string__c ,PSVC_Groomery_Flag__c ,PSVC_Manual_Appointment__c ,FSL__Duration_In_Minutes__c ,PSVC_Exact_Arrival_Time_c__c ,PSVC_Cancelled_By__c ,PSVC_Confirmed_By__c ,PSVC_Max_per_block_reduction_reason__c ,PSVC_isDigitalLoyalty__c ,PSVC_Cancellation_Channel__c ,PSVC_Confirmation_Channel__c ,PSVC_SOE_Cancellation_Channel__c ,PSVC_SOE_Confirmation_Channel__c ,PSVC_Boarded_Guest__c ,PSVC_Country__c ,PSVC_Is_Standalone__c ,PSVC_Feature_Toggles__c ,PSVC_PODS_Customer_ID__c ,PSVC_DigitalServiceCardLink__c ,PSVC_hasRedemption__c ,PSVC_isFTC__c ,PSVC_WorkTypeId__c ,PSVC_Store_Number_Value__c ,PSVC_AzSB_publicationStatus__c ,PSVC_Class_Session__c ,PSVC_Service_Goals__c ,PSVC_Customer_TimeZone__c ,PSVC_Meeting_Id__c ,PSVC_Meeting_Link__c ,PSVC_Is_Cat__c ,PSVC_Is_Dog__c 
 FROM ServiceAppointment Where CreatedDate  >= YESTERDAY OR LastModifiedDate  >= YESTERDAY",None,"[('Id', 'StringType'), ('OwnerId', 'StringType'), ('IsDeleted', 'DoubleType'), ('AppointmentNumber', 'StringType'), ('CurrencyIsoCode', 'StringType'), ('CreatedDate', 'TimestampType'), ('CreatedById', 'StringType'), ('LastModifiedDate', 'TimestampType'), ('LastModifiedById', 'StringType'), ('SystemModstamp', 'TimestampType'), ('LastViewedDate', 'TimestampType'), ('LastReferencedDate', 'TimestampType'), ('ParentRecordId', 'StringType'), ('ParentRecordType', 'StringType'), ('AccountId', 'StringType'), ('WorkTypeId', 'StringType'), ('ContactId', 'StringType'), ('Street', 'StringType'), ('City', 'StringType'), ('State', 'StringType'), ('PostalCode', 'StringType'), ('Country', 'StringType'), ('Latitude', 'DoubleType'), ('Longitude', 'DoubleType'), ('GeocodeAccuracy', 'StringType'), ('Description', 'StringType'), ('EarliestStartTime', 'TimestampType'), ('DueDate', 'TimestampType'), ('Duration', 'DoubleType'), ('ArrivalWindowStartTime', 'TimestampType'), ('ArrivalWindowEndTime', 'TimestampType'), ('Status', 'StringType'), ('SchedStartTime', 'TimestampType'), ('SchedEndTime', 'TimestampType'), ('ActualStartTime', 'TimestampType'), ('ActualEndTime', 'TimestampType'), ('ActualDuration', 'DoubleType'), ('DurationType', 'StringType'), ('DurationInMinutes', 'DoubleType'), ('ServiceTerritoryId', 'StringType'), ('Subject', 'StringType'), ('ParentRecordStatusCategory', 'StringType'), ('StatusCategory', 'StringType'), ('ServiceNote', 'StringType'), ('FSL__Appointment_Grade__c', 'DoubleType'), ('FSL__Auto_Schedule__c', 'DoubleType'), ('FSL__Emergency__c', 'DoubleType'), ('FSL__GanttColor__c', 'StringType'), ('FSL__GanttLabel__c', 'StringType'), ('FSL__InJeopardyReason__c', 'StringType'), ('FSL__InJeopardy__c', 'DoubleType'), ('FSL__InternalSLRGeolocation__Latitude__s', 'DoubleType'), ('FSL__InternalSLRGeolocation__Longitude__s', 'DoubleType'), ('FSL__IsFillInCandidate__c', 'DoubleType'), ('FSL__IsMultiDay__c', 'DoubleType'), ('FSL__MDS_Calculated_length__c', 'DoubleType'), ('FSL__MDT_Operational_Time__c', 'StringType'), ('FSL__Pinned__c', 'DoubleType'), ('FSL__Prevent_Geocoding_For_Chatter_Actions__c', 'DoubleType'), ('FSL__Related_Service__c', 'StringType'), ('FSL__Same_Day__c', 'DoubleType'), ('FSL__Same_Resource__c', 'DoubleType'), ('FSL__Schedule_Mode__c', 'StringType'), ('FSL__Schedule_over_lower_priority_appointment__c', 'DoubleType'), ('FSL__Scheduling_Policy_Used__c', 'StringType'), ('FSL__Time_Dependency__c', 'StringType'), ('FSL__UpdatedByOptimization__c', 'DoubleType'), ('FSL__Virtual_Service_For_Chatter_Action__c', 'DoubleType'), ('PSVC_Address_Line_1__c', 'StringType'), ('PSVC_Address_Line_2__c', 'StringType'), ('PSVC_Assigned_Resource__c', 'StringType'), ('PSVC_City__c', 'StringType'), ('PSVC_Customer_Email__c', 'StringType'), ('PSVC_Customer_First_Name__c', 'StringType'), ('PSVC_Customer_Last_Name__c', 'StringType'), ('PSVC_Order_Confirmation_Number__c', 'StringType'), ('PSVC_Pet_Name__c', 'StringType'), ('PSVC_Service_Name__c', 'StringType'), ('PSVC_Species__c', 'StringType'), ('PSVC_Staff_First_Name__c', 'StringType'), ('PSVC_Staff_Last_Name__c', 'StringType'), ('PSVC_State__c', 'StringType'), ('PSVC_Store_Location_Phone_Number__c', 'StringType'), ('PSVC_Work_Order__c', 'StringType'), ('PSVC_Zip_Code__c', 'StringType'), ('PSVC_Weight_lbs__c', 'DoubleType'), ('PSVC_Associate_Notification__c', 'StringType'), ('PSVC_Creation_Channel__c', 'StringType'), ('PSVC_Is_Online__c', 'DoubleType'), ('PSVC_Notification_Time__c', 'DoubleType'), ('PSVC_Schedueled_Start_Draft__c', 'TimestampType'), ('PSVC_Appointment_SMS_ID__c', 'StringType'), ('PSVC_Customer_Phone__c', 'StringType'), ('PSVC_Notification_Status_Description__c', 'StringType'), ('PSVC_Only_Once__c', 'DoubleType'), ('PSVC_Receive_Email__c', 'DoubleType'), ('PSVC_Receive_SMS__c', 'DoubleType'), ('PSVC_Customer_Push_ID__c', 'StringType'), ('PSVC_Receive_Push__c', 'DoubleType'), ('FSL__Gantt_Display_Date__c', 'TimestampType'), ('FSL__Use_Async_Logic__c', 'DoubleType'), ('PSVC_Order_Date_Range__c', 'DoubleType'), ('PSVC_New_Grooming_Customer__c', 'DoubleType'), ('FSL__GanttIcon__c', 'StringType'), ('PSVC_Associate_Notification_Text_Push__c', 'StringType'), ('PSVC_Invoice_Link__c', 'StringType'), ('PSVC_Is_Invoice_Generated__c', 'DoubleType'), ('PSVC_SchedStartTime_string__c', 'StringType'), ('FSL__Duration_In_Minutes__c', 'DoubleType'), ('PSVC_Groomery_Flag__c', 'DoubleType'), ('PSVC_Manual_Appointment__c', 'DoubleType'), ('PSVC_Exact_Arrival_Time_c__c', 'TimestampType'), ('PSVC_Cancellation_Channel__c', 'StringType'), ('PSVC_Cancelled_By__c', 'StringType'), ('PSVC_Confirmation_Channel__c', 'StringType'), ('PSVC_Confirmed_By__c', 'StringType'), ('PSVC_Max_per_block_reduction_reason__c', 'StringType'), ('PSVC_isDigitalLoyalty__c', 'DoubleType'), ('PSVC_SOE_Cancellation_Channel__c', 'StringType'), ('PSVC_SOE_Confirmation_Channel__c', 'StringType'), ('PSVC_Boarded_Guest__c', 'DoubleType'), ('PSVC_Country__c', 'StringType'), ('PSVC_Is_Standalone__c', 'DoubleType'), ('PSVC_Feature_Toggles__c', 'StringType'), ('PSVC_PODS_Customer_ID__c', 'StringType'), ('FSL__Last_Updated_Epoch__c', 'DoubleType'), ('PSVC_DigitalServiceCardLink__c', 'StringType'), ('PSVC_Is_Bundle_Applied__c', 'DoubleType'), ('PSVC_hasRedemption__c', 'DoubleType'), ('PSVC_isFTC__c', 'DoubleType'), ('Work_Type_ID__c', 'StringType'), ('PSVC_WorkTypeId__c', 'StringType'), ('PSVC_Store_Number_Value__c', 'StringType'), ('PSVC_AzSB_publicationStatus__c', 'StringType'), ('PSVC_Class_Session__c', 'StringType'), ('PSVC_Service_Goals__c', 'StringType'), ('PSVC_Customer_TimeZone__c', 'StringType'), ('PSVC_Meeting_Id__c', 'StringType'), ('PSVC_IsRescheduled__c', 'DoubleType'), ('PSVC_Meeting_Link__c', 'StringType'), ('PSVC_Previous_Meeting_Id__c', 'StringType'), ('PSVC_Host_Meeting_Link__c', 'StringType'), ('PSVC_Associate_Booking_Only__c', 'DoubleType'), ('PSVC_Is_Cat__c', 'DoubleType'), ('PSVC_Is_Dog__c', 'DoubleType')]"
